#,Discord username,Discord display name,Suno username,Song title,Song URL,Country,Brand new,Week,Voting code,Votes,Finalist,Welcome message,,
1,3DaizyğŸŒ¼ (suno.com/@3daizy),3Daizy,3DaizyğŸŒ¼,I Can't Find...,https://suno.com/song/b81f6082-3053-46b3-8bd1-d367df92dced,Netherlands,NO,1,SSC6001,294,NO,"Dear **3Daizy**, we want to inform you that your song *I Can't Find...* has been accepted into SSC6! ğŸ‰
Your personal voting code is **SSC6001**, __please keep it in a safe place as you will need it while voting on each week songs__.",,"You are also invited to follow the announcements server on the SSC discord for updates on live stream timing, voting, and all official SSC announcements: https://discord.com/channels/1267565363579846698/1270307712181469245"
2,i_plus_ai,i+ai,I+AI,Intoxicate me,https://suno.com/song/5fafee98-b192-4da7-abc0-8447250ecfb2,United States,NO,2,SSC6002,458,YES,"Dear **i+ai**, we want to inform you that your song *Intoxicate me* has been accepted into SSC6! ğŸ‰
Your personal voting code is **SSC6002**, __please keep it in a safe place as you will need it while voting on each week songs__.",,
3,dazorn,Dazorn,Dazorn,O soldato O amore,https://suno.com/song/808438ff-05bd-490f-be7b-153033c9aced,Italy,NO,3,SSC6003,0,NO,"Dear **Dazorn**, we want to inform you that your song *O soldato, O amore* has been accepted into SSC6! ğŸ‰
Your personal voting code is **SSC6003**, __please keep it in a safe place as you will need it while voting on each week songs__.",,
4,Gee5mnb,Gee5mnb,Sam,Hate you | Sammade,https://suno.com/song/3be48693-6be8-43a7-8ae2-62d6895cdbdd,Germany,NO,4,SSC6004,0,NO,"Dear **Gee5mnb**, we want to inform you that your song *Hate you | Sammade* has been accepted into SSC6! ğŸ‰
Your personal voting code is **SSC6004**, __please keep it in a safe place as you will need it while voting on each week songs__.",,
5,spupuz,spupuz | suno.com/@spupuz | SSC,spupuz,I LOVE YOU M,https://suno.com/song/a84d0258-f30a-4f03-a518-ceee39442dcd,Italy,NO,5,SSC6005,0,NO,"Dear **spupuz | suno.com/@spupuz | SSC**, we want to inform you that your song *I LOVE YOU M...... * has been accepted into SSC6! ğŸ‰
Your personal voting code is **SSC6005**, __please keep it in a safe place as you will need it while voting on each week songs__.",,
6,wolftales.,Wolfie Tahlees,SadieJade,Chaos Theory,https://suno.com/song/50cd1003-c72f-417f-abce-32e8fb51248d,United Kingdom,YES,2,SSC6006,121,NO,"Dear **Wolfie Tahlees**, we want to inform you that your song *Chaos Theory* has been accepted into SSC6! ğŸ‰
Your personal voting code is **SSC6006**, __please keep it in a safe place as you will need it while voting on each week songs__.",,
7,CainenAlt,Cainen,Cainen,Metalline Woman (SSC Ver.),https://suno.com/song/0e8e519f-e044-428d-83a4-a1fbe55ad682,United States,NO,3,SSC6007,0,NO,"Dear **Cainen**, we want to inform you that your song *Metalline Woman (SSC Ver.)* has been accepted into SSC6! ğŸ‰
Your personal voting code is **SSC6007**, __please keep it in a safe place as you will need it while voting on each week songs__.",,
8,artificiallyyoursxo,Ayxo,Ayxo,Ashes of Eden,https://suno.com/song/5f51767b-407b-4776-8c35-811a077b918f,Australia,YES,4,SSC6008,0,NO,"Dear **Ayxo**, we want to inform you that your song *Ashes of Eden* has been accepted into SSC6! ğŸ‰
Your personal voting code is **SSC6008**, __please keep it in a safe place as you will need it while voting on each week songs__.",,
9,Shiroken,Shiroken,Shiroken,Acultomancy,https://suno.com/song/057e8ac1-2214-41f3-8055-d7eb395e927a,United States,NO,5,SSC6009,0,NO,"Dear **Shiroken**, we want to inform you that your song *Acultomancy* has been accepted into SSC6! ğŸ‰
Your personal voting code is **SSC6009**, __please keep it in a safe place as you will need it while voting on each week songs__.",,
10,cuervoxp,CuervoXP,CuervoXP,Yureru Omoi,https://suno.com/song/d5d00722-4e1c-4055-89c5-680f7605d2f3,Argentina,NO,1,SSC6010,107,NO,"Dear **CuervoXP**, we want to inform you that your song *Yureru Omoi* has been accepted into SSC6! ğŸ‰
Your personal voting code is **SSC6010**, __please keep it in a safe place as you will need it while voting on each week songs__.",,
11,staxventura,StaxVentura,StaxVentura,Envy Green,https://suno.com/song/c4a2c24f-64e6-4c21-b0c2-647ffaa4c935,Germany,NO,3,SSC6011,0,NO,"Dear **StaxVentura**, we want to inform you that your song *Envy Green* has been accepted into SSC6! ğŸ‰
Your personal voting code is **SSC6011**, __please keep it in a safe place as you will need it while voting on each week songs__.",,
12,alanthir,Alanthir,Hotpot of Genres,In This Together,https://suno.com/song/1c15fcf9-306d-4c10-b8e9-e55dd6c48742,Germany,YES,4,SSC6012,0,NO,"Dear **Alanthir**, we want to inform you that your song *In This Together* has been accepted into SSC6! ğŸ‰
Your personal voting code is **SSC6012**, __please keep it in a safe place as you will need it while voting on each week songs__.",,
13,flickerlog,flicklerlog,Flickerlog,Summer Hair,https://suno.com/song/57e524fd-7be1-4f75-a5cf-fc2784e0a4fb,United States,YES,5,SSC6013,0,NO,"Dear **flicklerlog**, we want to inform you that your song *Summer Hair* has been accepted into SSC6! ğŸ‰
Your personal voting code is **SSC6013**, __please keep it in a safe place as you will need it while voting on each week songs__.",,
14,somethingnew0610,Sebmeister | SSC | Suno Escape,SebastiaanVW,Life Veteran,https://suno.com/song/1ed1cf4c-0d6c-4269-9346-573891f11a1c,Netherlands,NO,1,SSC6014,602,YES,"Dear **Sebmeister | SSC | Suno Escape**, we want to inform you that your song *Life Veteran* has been accepted into SSC6! ğŸ‰
Your personal voting code is **SSC6014**, __please keep it in a safe place as you will need it while voting on each week songs__.",,
15,evablitzar,Eva (@makcikloveseverydaymusic),makcikloveseverydaymusic,secret garden (U and I),https://suno.com/song/2aec9569-d790-47f3-ae26-0e98de00fa31,Malaysia,NO,2,SSC6015,130,NO,"Dear **Eva (@makcikloveseverydaymusic)**, we want to inform you that your song *secret garden (U and I)* has been accepted into SSC6! ğŸ‰
Your personal voting code is **SSC6015**, __please keep it in a safe place as you will need it while voting on each week songs__.",,
16,antvmnos,Antvmnos,Antvmnos,Faithless,https://suno.com/song/95cff81a-0661-4e70-bef7-d567e5352f4d,Venezuela,YES,4,SSC6016,0,NO,"Dear **Antvmnos**, we want to inform you that your song *Faithless* has been accepted into SSC6! ğŸ‰
Your personal voting code is **SSC6016**, __please keep it in a safe place as you will need it while voting on each week songs__.",,
17,laurensv_14438,Lawrushka,@Lawrushka,Viking In The City,https://suno.com/song/f909210b-25a2-4cb3-9263-a9d23ded64d3,Netherlands,NO,5,SSC6017,0,NO,"Dear **Lawrushka**, we want to inform you that your song *Viking In The City* has been accepted into SSC6! ğŸ‰
Your personal voting code is **SSC6017**, __please keep it in a safe place as you will need it while voting on each week songs__.",,
18,rayan_air,RayanAIR,RayanAIR,Zenith,https://suno.com/song/46872ff3-000f-477b-a850-85884ed81506,Netherlands,NO,1,SSC6018,318,NO,"Dear **RayanAIR**, we want to inform you that your song *Zenith* has been accepted into SSC6! ğŸ‰
Your personal voting code is **SSC6018**, __please keep it in a safe place as you will need it while voting on each week songs__.",,
19,remizum,ReMizum,ReMizum,Take Control,https://suno.com/song/6be7abda-1e09-4285-be99-e6b50f5e9e57,Germany,NO,2,SSC6019,119,NO,"Dear **ReMizum **, we want to inform you that your song *Take Control* has been accepted into SSC6! ğŸ‰
Your personal voting code is **SSC6019**, __please keep it in a safe place as you will need it while voting on each week songs__.",,
20,zulad,Zulad,NovaAI,Love Again,https://suno.com/song/b4730882-99b6-4e5b-9df2-6c96e063e6ba,United Kingdom,YES,3,SSC6020,0,NO,"Dear **Zulad**, we want to inform you that your song *Love Again* has been accepted into SSC6! ğŸ‰
Your personal voting code is **SSC6020**, __please keep it in a safe place as you will need it while voting on each week songs__.",,
21,gameagate636934,Game,GameIsHereğŸ¢//[YT:@GameMusic05127],Numb,https://suno.com/song/570c5beb-fcb2-4968-9d40-ee6cef6b0696,Taiwan,YES,5,SSC6021,0,NO,"Dear **Game**, we want to inform you that your song *Numb* has been accepted into SSC6! ğŸ‰
Your personal voting code is **SSC6021**, __please keep it in a safe place as you will need it while voting on each week songs__.",,
22,timo076882,Timo,Timotheus,Octopus,https://suno.com/song/b9ba997d-6ae4-4adf-9acf-58682adc0a32,Belgium,NO,1,SSC6022,463,YES,"Dear **Timo**, we want to inform you that your song *Octopus* has been accepted into SSC6! ğŸ‰
Your personal voting code is **SSC6022**, __please keep it in a safe place as you will need it while voting on each week songs__.",,
23,sirbitesalot,SirBitesalot,SirBitesAlot,Escape,https://suno.com/song/ed9111ff-f684-495c-9dfa-ee3c405733ce,Germany,YES,2,SSC6023,328,YES,"Dear **SirBitesalot**, we want to inform you that your song *Escape* has been accepted into SSC6! ğŸ‰
Your personal voting code is **SSC6023**, __please keep it in a safe place as you will need it while voting on each week songs__.",,
24,Zauberfrau,Zauberfrau,MagicAIWoman,GroÃŸmama,https://suno.com/song/dcbc21af-8a86-4344-8571-0d97cc2b82cd,Germany,YES,3,SSC6024,0,NO,"Dear **Zauberfrau**, we want to inform you that your song *GroÃŸmama* has been accepted into SSC6! ğŸ‰
Your personal voting code is **SSC6024**, __please keep it in a safe place as you will need it while voting on each week songs__.",,
25,Amira UwU,justsimulation,â™€ï¸Amira Uwuâ™€ï¸,Dangdut Show,https://suno.com/song/2359ed81-e957-4262-ab51-589ca9318b36,Indonesia,YES,4,SSC6025,0,NO,"Dear **justsimulation**, we want to inform you that your song *Dangdut Show* has been accepted into SSC6! ğŸ‰
Your personal voting code is **SSC6025**, __please keep it in a safe place as you will need it while voting on each week songs__.",,
26,tuxman20,TuxMan,TuxMan,Turn Back Time,https://suno.com/song/10fcda49-eeb7-4c8f-a2c5-8a6b466f93a9,Canada,YES,1,SSC6026,224,NO,"Dear **TuxMan**, we want to inform you that your song *Turn Back Time* has been accepted into SSC6! ğŸ‰
Your personal voting code is **SSC6026**, __please keep it in a safe place as you will need it while voting on each week songs__.",,
27,timch0000,äºŒæœˆ(February),äºŒæœˆFebruary,I Canâ€™t Love You Anymore,https://suno.com/song/b9c7fd1a-dabf-4e22-80ea-a2b1575458f5,Taiwan,YES,2,SSC6027,169,NO,"Dear **äºŒæœˆ(February)**, we want to inform you that your song *I Canâ€™t Love You Anymore* has been accepted into SSC6! ğŸ‰
Your personal voting code is **SSC6027**, __please keep it in a safe place as you will need it while voting on each week songs__.",,
28,_humain_,humAIn,humAIn,Come in una Canzone,https://suno.com/song/6e658446-6fbb-4a73-9d19-ec70d19c4f91,Italy,YES,3,SSC6028,0,NO,"Dear **humAIn**, we want to inform you that your song *Come in una Canzone* has been accepted into SSC6! ğŸ‰
Your personal voting code is **SSC6028**, __please keep it in a safe place as you will need it while voting on each week songs__.",,
29,zathalen,Zathalen,Zathalen,Run for Cover,https://suno.com/song/16452af6-c65a-481a-9b89-eb87a0082665,United States,NO,4,SSC6029,0,NO,"Dear **Zathalen**, we want to inform you that your song *Run for Cover* has been accepted into SSC6! ğŸ‰
Your personal voting code is **SSC6029**, __please keep it in a safe place as you will need it while voting on each week songs__.",,
30,MildMethod#4489,MildMethod,MildMethod,Mista Ğ¯ight,https://suno.com/song/5ec87f67-cb66-4bc9-a18e-6f8aacd5ad2d,Australia,YES,5,SSC6030,0,NO,"Dear **MildMethod**, we want to inform you that your song *Mista Ğ¯ight* has been accepted into SSC6! ğŸ‰
Your personal voting code is **SSC6030**, __please keep it in a safe place as you will need it while voting on each week songs__.",,
31,Oyojee,Oyojee,Oyojee,My Only One,https://suno.com/song/2b4d67f5-883b-4c42-816c-b7645cee2bf9,France,YES,2,SSC6031,368,YES,"Dear **Oyojee**, we want to inform you that your song *My Only One* has been accepted into SSC6! ğŸ‰
Your personal voting code is **SSC6031**, __please keep it in a safe place as you will need it while voting on each week songs__.",,
32,billys1,Tdeaty,tdeaty,So Cold,https://suno.com/song/84099803-b7c8-4526-ad4f-51e67bf4d133,Nigeria,NO,3,SSC6032,0,NO,"Dear **Tdeaty**, we want to inform you that your song *So Cold* has been accepted into SSC6! ğŸ‰
Your personal voting code is **SSC6032**, __please keep it in a safe place as you will need it while voting on each week songs__.",,
33,dgyufuug95,dgyufuug95,Wine loves flowers,ice heart,https://suno.com/song/620b7576-9eb1-4f6a-912d-6a295df54a4f,Taiwan,YES,4,SSC6033,0,NO,"Dear **dgyufuug95**, we want to inform you that your song *ice heart* has been accepted into SSC6! ğŸ‰
Your personal voting code is **SSC6033**, __please keep it in a safe place as you will need it while voting on each week songs__.",,
34,ace754550,SpiritoLibero,SpiritoLibero,Lei,https://suno.com/song/2b278e22-9b0f-4be5-8551-7319df6bca26,Italy,YES,5,SSC6034,0,NO,"Dear **SpiritoLibero**, we want to inform you that your song *Lei* has been accepted into SSC6! ğŸ‰
Your personal voting code is **SSC6034**, __please keep it in a safe place as you will need it while voting on each week songs__.",,
35,thomaspesaro,Thomaspesaro,Artistic Intelligence,Hey Suno! How should we define ourselves?,https://suno.com/song/cdb769b9-94e2-4bcf-a0d5-c100c9d0fbe7,Italy,NO,1,SSC6035,137,NO,"Dear **Thomaspesaro**, we want to inform you that your song *Hey Suno! How should we define ourselves?* has been accepted into SSC6! ğŸ‰
Your personal voting code is **SSC6035**, __please keep it in a safe place as you will need it while voting on each week songs__.",,
36,Psicotrap,dqdj24,Psicotrap,Me mantengo vacio,https://suno.com/song/a320e3d5-7791-451a-b719-4e3657d37454,Argentina,NO,3,SSC6036,0,NO,"Dear **dqdj24**, we want to inform you that your song *Me mantengo vacio* has been accepted into SSC6! ğŸ‰
Your personal voting code is **SSC6036**, __please keep it in a safe place as you will need it while voting on each week songs__.",,
37,Sinnoe,Sinnoe,Sinnoe,Launch Pad,https://suno.com/song/4d36ceb6-c334-4e88-b2b1-ac40754c60cc,Australia,YES,4,SSC6037,0,NO,"Dear **Sinnoe**, we want to inform you that your song *Launch Pad* has been accepted into SSC6! ğŸ‰
Your personal voting code is **SSC6037**, __please keep it in a safe place as you will need it while voting on each week songs__.",,
38,JoshuaSodil,JoshuaSodil,Joshua Sodil [YouTube],Don't Look Back,https://suno.com/song/bd054a5f-c8a0-493c-9957-e6f044a22f8a,Canada,YES,5,SSC6038,0,NO,"Dear **JoshuaSodil**, we want to inform you that your song *Don't Look Back* has been accepted into SSC6! ğŸ‰
Your personal voting code is **SSC6038**, __please keep it in a safe place as you will need it while voting on each week songs__.",,
39,wappie6733,Wappie,Wappie,Echoes in the Abyss,https://suno.com/song/2d571390-a5ff-4adc-9caa-9e92c9acef38,Finland,NO,1,SSC6039,328,YES,"Dear **Wappie**, we want to inform you that your song *Echoes in the Abyss* has been accepted into SSC6! ğŸ‰
Your personal voting code is **SSC6039**, __please keep it in a safe place as you will need it while voting on each week songs__.",,
40,xxsp1derxx,XxSpiderxX,xxspiderxx,Golden Echos,https://suno.com/song/554d7ac8-8b40-4f8a-931b-f9c751bb6252,Germany,NO,2,SSC6040,137,NO,"Dear **XxSpiderxX**, we want to inform you that your song *Golden Echos* has been accepted into SSC6! ğŸ‰
Your personal voting code is **SSC6040**, __please keep it in a safe place as you will need it while voting on each week songs__.",,
41,earnertia,DigitalDownside,Digital Downside,Enchant,https://suno.com/song/71f45d24-c322-4b97-8406-ac627dc706f7,United States,NO,4,SSC6041,0,NO,"Dear **DigitalDownside**, we want to inform you that your song *Enchant* has been accepted into SSC6! ğŸ‰
Your personal voting code is **SSC6041**, __please keep it in a safe place as you will need it while voting on each week songs__.",,
42,crazyblobb,Crazyblobb,Crazyblobb,Something... new?,https://suno.com/song/e057c7f0-9af9-4570-8f33-a20c09f1e808,Norway,YES,5,SSC6042,0,NO,"Dear **Crazyblobb**, we want to inform you that your song *Something... new?* has been accepted into SSC6! ğŸ‰
Your personal voting code is **SSC6042**, __please keep it in a safe place as you will need it while voting on each week songs__.",,
43,acapuck,FAUX MOI,fauxmoi,Out Of Place,https://suno.com/song/dc7d8147-3103-45d8-b8cc-57c1c151fdd3,United States,NO,1,SSC6043,417,YES,"Dear **FAUX MOI**, we want to inform you that your song *Out Of Place* has been accepted into SSC6! ğŸ‰
Your personal voting code is **SSC6043**, __please keep it in a safe place as you will need it while voting on each week songs__.",,
44,amanrh,amanRh,â”Â° amanRh83 the angklungMann,Hikayat Samudra,https://suno.com/song/c2b5f05f-8796-4687-84d2-41d3508cba9e,Indonesia,YES,2,SSC6044,204,NO,"Dear **amanRh**, we want to inform you that your song *Hikayat Samudra* has been accepted into SSC6! ğŸ‰
Your personal voting code is **SSC6044**, __please keep it in a safe place as you will need it while voting on each week songs__.",,
45,green_donk,Greendonk,Greendonk,Perhaps,https://suno.com/song/4cabf44e-ea30-473d-ace3-0eecf9ba2c75,Indonesia,YES,3,SSC6045,0,NO,"Dear **Greendonk**, we want to inform you that your song *Perhaps* has been accepted into SSC6! ğŸ‰
Your personal voting code is **SSC6045**, __please keep it in a safe place as you will need it while voting on each week songs__.",,
46,abel3443,Abel,Abel Wolf,Ahriman,https://suno.com/song/b373eeb0-3fd4-4962-982b-708aa9b21f96,Hungary,NO,5,SSC6046,0,NO,"Dear **Abel**, we want to inform you that your song *Ahriman* has been accepted into SSC6! ğŸ‰
Your personal voting code is **SSC6046**, __please keep it in a safe place as you will need it while voting on each week songs__.",,
47,Rockstar_ate _my_hamster,Electrician,Electrician,Water drop,https://suno.com/song/2141bd54-45cc-4b49-ae0b-8b85584e3b98,Sweden,YES,1,SSC6047,198,NO,"Dear **Electrician **, we want to inform you that your song *Water drop* has been accepted into SSC6! ğŸ‰
Your personal voting code is **SSC6047**, __please keep it in a safe place as you will need it while voting on each week songs__.",,
48,igrokyou,GrokAutumns,GrokAutumns,Stress,https://suno.com/song/6847b632-e73b-409e-aea2-cad845a80a5f,New Zealand,YES,2,SSC6048,168,NO,"Dear **GrokAutumns**, we want to inform you that your song *Stress* has been accepted into SSC6! ğŸ‰
Your personal voting code is **SSC6048**, __please keep it in a safe place as you will need it while voting on each week songs__.",,
49,mooniewolfe,Pim,@mooniewolfe its same as my discord username,Soundwaves,https://suno.com/song/88aa15fd-ec7b-4293-b20a-1a3fc76087c6,United States,NO,3,SSC6049,0,NO,"Dear **Pim**, we want to inform you that your song *Soundwaves* has been accepted into SSC6! ğŸ‰
Your personal voting code is **SSC6049**, __please keep it in a safe place as you will need it while voting on each week songs__.",,
50,hellion_electriceye,hellion_suno.com/@LordofSound,Lords of Sound,Step Off,https://suno.com/song/0a4f0929-5a19-488a-a7a2-9c0d39f17da0,United States,NO,4,SSC6050,0,NO,"Dear **hellion_suno.com/@LordofSound **, we want to inform you that your song *Step Off* has been accepted into SSC6! ğŸ‰
Your personal voting code is **SSC6050**, __please keep it in a safe place as you will need it while voting on each week songs__.",,
51,murderfist,Maximum,@maximum_official,See You Again,https://suno.com/song/763553f3-9bea-4fb3-b0a9-0851ec275252,United States,YES,1,SSC6051,196,NO,"Dear **Maximum**, we want to inform you that your song *See You Again* has been accepted into SSC6! ğŸ‰
Your personal voting code is **SSC6051**, __please keep it in a safe place as you will need it while voting on each week songs__.",,
52,ManBox#4966,ManBox,GO TECHO 5 FIVE,I realized too late,https://suno.com/song/e53f64d8-4078-4493-b9a6-3f67dafc79d0,Dominican Republic,YES,2,SSC6052,123,NO,"Dear **ManBox**, we want to inform you that your song *I realized too late* has been accepted into SSC6! ğŸ‰
Your personal voting code is **SSC6052**, __please keep it in a safe place as you will need it while voting on each week songs__.",,
53,forsakenookami,ForsakenOokami,EchoesofOokami,Suno at Midnight,https://suno.com/song/8f3bc9d8-6b57-480e-9ad8-3cb7e4633088,United States,YES,3,SSC6053,0,NO,"Dear **ForsakenOokami**, we want to inform you that your song *Suno at Midnight* has been accepted into SSC6! ğŸ‰
Your personal voting code is **SSC6053**, __please keep it in a safe place as you will need it while voting on each week songs__.",,
54,PotatoLord44.4,poataolord2,PotatoLord44,I Know It All,https://suno.com/song/0dae016f-24f1-4103-a924-757eacfe1505,United States,NO,4,SSC6054,0,NO,"Dear **poataolord2**, we want to inform you that your song *I Know It All* has been accepted into SSC6! ğŸ‰
Your personal voting code is **SSC6054**, __please keep it in a safe place as you will need it while voting on each week songs__.",,
55,6thStation,6thStation,QuaveringGrammy380,à¶¯à·’à¶½à·™à¶±à· à¶­à¶»à·”à·€à·š The star,https://suno.com/song/3ee807e3-e188-436c-a220-c1d763934842,Sri Lanka,NO,5,SSC6055,0,NO,"Dear **6thStation**, we want to inform you that your song *à¶¯à·’à¶½à·™à¶±à· à¶­à¶»à·”à·€à·š The star* has been accepted into SSC6! ğŸ‰
Your personal voting code is **SSC6055**, __please keep it in a safe place as you will need it while voting on each week songs__.",,
56,fcreii_33421,FCREII,@fcreii,Piano Bits : Upload Cover II,https://suno.com/song/e8b77eaf-871e-4292-9fc0-9cde9be8ea38,Netherlands,NO,2,SSC6056,71,NO,"Dear **FCREII**, we want to inform you that your song *Piano Bits : Upload Cover II* has been accepted into SSC6! ğŸ‰
Your personal voting code is **SSC6056**, __please keep it in a safe place as you will need it while voting on each week songs__.",,
57,xing19930704rtx20708g,AIéŸ³æœˆäºº,AIMusicMoonMan,ã²ã‚ƒã£ãã‚„ãã‚‡ã†,https://suno.com/song/916fe5e6-af7a-482b-9bb9-8530f88eeeb6,Taiwan,NO,3,SSC6057,0,NO,"Dear **AIéŸ³æœˆäºº**, we want to inform you that your song *ã²ã‚ƒã£ãã‚„ãã‚‡ã†* has been accepted into SSC6! ğŸ‰
Your personal voting code is **SSC6057**, __please keep it in a safe place as you will need it while voting on each week songs__.",,
58,jusime,JusiMe,JUSIME,Voices,https://suno.com/song/3f785636-c6a7-46f8-8f51-49c22a4fce5f,Germany,NO,4,SSC6058,0,NO,"Dear **JusiMe**, we want to inform you that your song *Voices* has been accepted into SSC6! ğŸ‰
Your personal voting code is **SSC6058**, __please keep it in a safe place as you will need it while voting on each week songs__.",,
59,Flore d'esprit,Flore d'esprit,Flore d'esprit,Unbreakable Pulse,https://suno.com/song/5bfdb485-109f-4115-9b26-a5afc228213f,France,YES,5,SSC6059,0,NO,"Dear **Flore d'esprit**, we want to inform you that your song *Unbreakable Pulse* has been accepted into SSC6! ğŸ‰
Your personal voting code is **SSC6059**, __please keep it in a safe place as you will need it while voting on each week songs__.",,
60,izeybo,Izeybo,Izeybo,Mr.Mister,https://suno.com/song/dc29f5d8-e081-46c6-9806-9a89c400b836,Saint Kitts and Nevis,YES,1,SSC6060,186,NO,"Dear **Izeybo**, we want to inform you that your song *Mr.Mister* has been accepted into SSC6! ğŸ‰
Your personal voting code is **SSC6060**, __please keep it in a safe place as you will need it while voting on each week songs__.",,
61,Alikan,Alikan,Alikan,Chirp's Garden,https://suno.com/song/5d555958-c4b0-4509-9f8e-ba8943a2cced,United Kingdom,NO,3,SSC6061,0,NO,"Dear **Alikan**, we want to inform you that your song *Chirp's Garden* has been accepted into SSC6! ğŸ‰
Your personal voting code is **SSC6061**, __please keep it in a safe place as you will need it while voting on each week songs__.",,
62,arcadebard,Arcade Bard,Arcade Bard,The Boneringram,https://suno.com/song/58334efa-7828-4541-a66c-6189c08cf801,United States,NO,4,SSC6062,0,NO,"Dear **Arcade Bard**, we want to inform you that your song *The Boneringram* has been accepted into SSC6! ğŸ‰
Your personal voting code is **SSC6062**, __please keep it in a safe place as you will need it while voting on each week songs__.",,
63,heavenlydemon91,itsuwari,itsuwari,ç¥æ®ºã— - god slayer,https://suno.com/song/32681771-2fa8-45d6-a943-4ca122ac1d57,Japan,YES,5,SSC6063,0,NO,"Dear **itsuwari**, we want to inform you that your song *ç¥æ®ºã— - god slayer* has been accepted into SSC6! ğŸ‰
Your personal voting code is **SSC6063**, __please keep it in a safe place as you will need it while voting on each week songs__.",,
64,themightytruk,themightytruk,themightytruk,My Dog Ate the Lyrics To This Song,https://suno.com/song/0e0c0ef9-9494-4cc7-882a-f53ba8f1f29c,United States,YES,1,SSC6064,276,NO,"Dear **themightytruk**, we want to inform you that your song *My Dog Ate the Lyrics To This Song* has been accepted into SSC6! ğŸ‰
Your personal voting code is **SSC6064**, __please keep it in a safe place as you will need it while voting on each week songs__.",,
65,tagliuzshikikan,Tagliuz,âš¡ğŸ–¤TagliuzğŸ–¤âš¡,Abyzou's Quiver,https://suno.com/song/42f6eddb-be04-403d-935b-a5750c575635,Italy,NO,2,SSC6065,277,NO,"Dear **Tagliuz**, we want to inform you that your song *Abyzou's Quiver* has been accepted into SSC6! ğŸ‰
Your personal voting code is **SSC6065**, __please keep it in a safe place as you will need it while voting on each week songs__.",,
66,cyberforge27,CyberForge27 âœ¨,CyberForge27âœ¨ [Don't forget to LIKE],The One I Knew,https://suno.com/song/4fa90057-a66c-4f3c-abe3-d178c68ee9f4,Ukraine,YES,4,SSC6066,0,NO,"Dear **CyberForge27 âœ¨**, we want to inform you that your song *The One I Knew* has been accepted into SSC6! ğŸ‰
Your personal voting code is **SSC6066**, __please keep it in a safe place as you will need it while voting on each week songs__.",,
67,rowkirwan,Gallis,Gallis,INK DRILLA,https://suno.com/song/2c34ce12-9aa9-42ad-a7f3-a300bdb1af4a,Antigua and Barbuda,NO,5,SSC6067,0,NO,"Dear **Gallis**, we want to inform you that your song *INK DRILLA [SSC6, Antigua]* has been accepted into SSC6! ğŸ‰
Your personal voting code is **SSC6067**, __please keep it in a safe place as you will need it while voting on each week songs__.",,
68,toevan,Ande,Ande,Rainbow,https://suno.com/song/f66c5c2e-7b1c-4ad9-b41f-1cc9ef05be5e,Sweden,YES,1,SSC6068,177,NO,"Dear **Ande**, we want to inform you that your song *Rainbow* has been accepted into SSC6! ğŸ‰
Your personal voting code is **SSC6068**, __please keep it in a safe place as you will need it while voting on each week songs__.",,
69,rfdomingos,Tonguetwister,Tonguetwister,"Can't Love, Can't Feel",https://suno.com/song/4f66e76e-6f03-4a52-925b-2ddde0f793e0,Portugal,YES,2,SSC6069,185,NO,"Dear **Tonguetwister**, we want to inform you that your song *Can't Love, Can't Feel* has been accepted into SSC6! ğŸ‰
Your personal voting code is **SSC6069**, __please keep it in a safe place as you will need it while voting on each week songs__.",,
70,maakar_r,maakar,maakar,Ğ¢ÑƒÑ‚ Ğ’ÑĞµ ĞĞµ Ğ¢Ğ°Ğº (Nothingâ€™s Right Here),https://suno.com/song/a6a4c0ff-3662-4d2a-b5be-68cda801b6ae,Ukraine,YES,3,SSC6070,0,NO,"Dear **maakar**, we want to inform you that your song *Ğ¢ÑƒÑ‚ Ğ’ÑĞµ ĞĞµ Ğ¢Ğ°Ğº (Nothingâ€™s Right Here)* has been accepted into SSC6! ğŸ‰
Your personal voting code is **SSC6070**, __please keep it in a safe place as you will need it while voting on each week songs__.",,
71,max2buy,max2buy_72046_25662,Max2Buy,This is it,https://suno.com/song/d87c62e2-b9c7-4862-8e5e-6f5b9842cd17,Germany,YES,5,SSC6071,0,NO,"Dear **max2buy_72046_25662**, we want to inform you that your song *This is it* has been accepted into SSC6! ğŸ‰
Your personal voting code is **SSC6071**, __please keep it in a safe place as you will need it while voting on each week songs__.",,
73,ThunderousSilence,ThunderousSilence,ThunderousSilence,Soundtrack of my Life,https://suno.com/song/060c1642-45da-4129-9ede-e3749d940c69,Germany,YES,1,SSC6073,320,NO,"Dear **ThunderousSilence **, we want to inform you that your song *Soundtrack of my Life * has been accepted into SSC6! ğŸ‰
Your personal voting code is **SSC6073**, __please keep it in a safe place as you will need it while voting on each week songs__.",,
74,Picante,ilumii777,LightJourner | LightJourner.x,toGeTHer WE faLL,https://suno.com/song/1c50b511-4608-450d-8d47-e6f6263f0f4d,Australia,YES,2,SSC6074,249,NO,"Dear **ilumii777**, we want to inform you that your song *toGeTHer WE faLL* has been accepted into SSC6! ğŸ‰
Your personal voting code is **SSC6074**, __please keep it in a safe place as you will need it while voting on each week songs__.",,
75,gilermonto,Artcanum,Artcanum,Prying stars,https://suno.com/song/ae31afef-da5d-41c6-b085-5b988b932bcb,Montenegro,NO,3,SSC6075,0,NO,"Dear **Artcanum**, we want to inform you that your song *Prying stars* has been accepted into SSC6! ğŸ‰
Your personal voting code is **SSC6075**, __please keep it in a safe place as you will need it while voting on each week songs__.",,
76,pixelplanetmusic,Marie,PixelPlanetMusic,Test,https://suno.com/song/d3f1bd6b-2999-4ec2-9ec0-8f424b2594d0,United States,NO,4,SSC6076,0,NO,"Dear **Marie**, we want to inform you that your song *Test* has been accepted into SSC6! ğŸ‰
Your personal voting code is **SSC6076**, __please keep it in a safe place as you will need it while voting on each week songs__.",,
77,zx890001,Zx-++-,ChillVibeCircuits,æ‹ã®ç«–ç´ (Harp of Love),https://suno.com/song/b7906558-21ad-40fa-bc1d-057789c0ba69,Malaysia,NO,1,SSC6077,178,NO,"Dear **Zx-++-**, we want to inform you that your song *æ‹ã®ç«–ç´ (Harp of Love) * has been accepted into SSC6! ğŸ‰
Your personal voting code is **SSC6077**, __please keep it in a safe place as you will need it while voting on each week songs__.",,
78,picatso1_43397,Picatso,Picatso,Affinity,https://suno.com/song/d2669668-cc61-40b8-828c-2321ae6a667b,Sweden,YES,2,SSC6078,172,NO,"Dear **Picatso**, we want to inform you that your song *Affinity* has been accepted into SSC6! ğŸ‰
Your personal voting code is **SSC6078**, __please keep it in a safe place as you will need it while voting on each week songs__.",,
79,renhal,RenhaL,ğ‘ğğ§ğ¡ğšğ‹â€‹  â€  â€ğŸ” â€‹,TL;DL,https://suno.com/song/c959f715-625e-4709-8e58-d4e435b2adb3,Belgium,NO,3,SSC6079,0,NO,"Dear **RenhaL**, we want to inform you that your song *TL;DL* has been accepted into SSC6! ğŸ‰
Your personal voting code is **SSC6079**, __please keep it in a safe place as you will need it while voting on each week songs__.",,
80,jemesblack,jemesblack,jemesblack,JudÃ¬o & Me,https://suno.com/song/b290f02c-26c6-4f47-a596-7b3023654c9f,Italy,YES,4,SSC6080,0,NO,"Dear **jemesblack**, we want to inform you that your song *JudÃ¬o & Me* has been accepted into SSC6! ğŸ‰
Your personal voting code is **SSC6080**, __please keep it in a safe place as you will need it while voting on each week songs__.",,
82,Aosh,aosh2tm,Yandere Aosh,Silent Touch,https://suno.com/song/083f3595-2da3-4b85-8578-d60cbc96ac2d,Malaysia,YES,5,SSC6082,0,NO,"Dear **aosh2tm**, we want to inform you that your song *Silent Touch* has been accepted into SSC6! ğŸ‰
Your personal voting code is **SSC6082**, __please keep it in a safe place as you will need it while voting on each week songs__.",,
83,teemuth,teemuth,teemuth,Maybe Never,https://suno.com/song/82bbf863-5adf-41fc-9f46-f47b069b215d,United States,YES,2,SSC6083,281,YES,"Dear **teemuth**, we want to inform you that your song *Maybe Never* has been accepted into SSC6! ğŸ‰
Your personal voting code is **SSC6083**, __please keep it in a safe place as you will need it while voting on each week songs__.",,
84,vergil1l,Vergil,Vergil,Neverland,https://suno.com/song/76b27219-839b-42f9-8d04-004a819b9374,United States,NO,3,SSC6084,0,NO,"Dear **Vergil**, we want to inform you that your song *Neverland* has been accepted into SSC6! ğŸ‰
Your personal voting code is **SSC6084**, __please keep it in a safe place as you will need it while voting on each week songs__.",,
85,dangerousg96_89569,Gianluca The Heremit,ğŸ§™â€â™‚ï¸ GÉªá´€É´ÊŸá´œá´„á´€â€¢á´›Êœá´‡â€¢Êœá´‡Ê€á´‡á´Éªá´› [YouTube],GoodByE X Fiamma,https://suno.com/song/bca86a96-d981-4cea-8c9b-a88d38711ff4,Italy,YES,4,SSC6085,0,NO,"Dear **Gianluca The Heremit**, we want to inform you that your song *GoodByE X Fiamma* has been accepted into SSC6! ğŸ‰
Your personal voting code is **SSC6085**, __please keep it in a safe place as you will need it while voting on each week songs__.",,
86,DanjaScout,DanjaScout,@Danjascout,MEDUSA,https://suno.com/song/052d534d-1c4c-47ee-a68f-79bc57778a81,United States,NO,5,SSC6086,0,NO,"Dear **DanjaScout **, we want to inform you that your song *MEDUSA * has been accepted into SSC6! ğŸ‰
Your personal voting code is **SSC6086**, __please keep it in a safe place as you will need it while voting on each week songs__.",,
87,morgenstern#1974,morgenstern74,@symbiosis_music,FESTA SENZA FINE,https://suno.com/song/44e6a8f9-39ea-413c-ac6f-f1f45477bfdf,Italy,NO,1,SSC6087,73,NO,"Dear **morgenstern74**, we want to inform you that your song *FESTA SENZA FINE* has been accepted into SSC6! ğŸ‰
Your personal voting code is **SSC6087**, __please keep it in a safe place as you will need it while voting on each week songs__.",,
88,zebusjebus,Zebus,ğŸ“» Alternative Reality Radio ğŸ“»,Won't It All Just Be Fine,https://suno.com/song/c1586d8f-62c8-41d6-8068-5873314a50dc,Australia,NO,3,SSC6088,0,NO,"Dear **Zebus**, we want to inform you that your song *Won't It All Just Be Fine* has been accepted into SSC6! ğŸ‰
Your personal voting code is **SSC6088**, __please keep it in a safe place as you will need it while voting on each week songs__.",,
89,sprviero_53216,Sp@rviero,Sp@rviero,Specchio / Mirror,https://suno.com/song/5ffc6fb7-d00f-4c90-a8c2-0cda7d78b2a9,Italy,NO,4,SSC6089,0,NO,"Dear **Sp@rviero**, we want to inform you that your song *Specchio / Mirror* has been accepted into SSC6! ğŸ‰
Your personal voting code is **SSC6089**, __please keep it in a safe place as you will need it while voting on each week songs__.",,
90,inukaze_63274,ğŸŒ™Inu-Kaze,ğŸŒ™ Inu-Kaze poppin ğŸŒ¸ğŸŒªï¸,4th Dimension,https://suno.com/song/6ae8ce74-94dc-4ef0-b16f-9a04d9e926ba,Japan,NO,5,SSC6090,0,NO,"Dear **ğŸŒ™Inu-Kaze**, we want to inform you that your song *4th Dimension* has been accepted into SSC6! ğŸ‰
Your personal voting code is **SSC6090**, __please keep it in a safe place as you will need it while voting on each week songs__.",,
91,taisshii,ãŸã„ã—ãƒ,ãŸã„ã—ãƒ,ë¶ˆì•ˆí•œ ì„¸ìƒ (Uneasy World),https://suno.com/song/4bfb6aba-efea-4f2d-bf48-ff432d7f7251,South Korea,NO,1,SSC6091,93,NO,"Dear **ãŸã„ã—ãƒ**, we want to inform you that your song *ë¶ˆì•ˆí•œ ì„¸ìƒ (Uneasy World)* has been accepted into SSC6! ğŸ‰
Your personal voting code is **SSC6091**, __please keep it in a safe place as you will need it while voting on each week songs__.",,
92,dnormous.,DNormous,DNormous,Cardona,https://suno.com/song/f20f358d-99b2-4193-99c4-fe314da0d61a,United States,NO,2,SSC6092,103,NO,"Dear **DNormous**, we want to inform you that your song *Cardona* has been accepted into SSC6! ğŸ‰
Your personal voting code is **SSC6092**, __please keep it in a safe place as you will need it while voting on each week songs__.",,
93,mortael,mortael (Sonovix),Sonovix,One Day,https://suno.com/song/4e018b3b-2cc3-42e9-a15e-8ef116778a19,Netherlands,YES,4,SSC6093,0,NO,"Dear **mortael (Sonovix)**, we want to inform you that your song *One Day* has been accepted into SSC6! ğŸ‰
Your personal voting code is **SSC6093**, __please keep it in a safe place as you will need it while voting on each week songs__.",,
94,blahblah8176,blahblah,The Hulkster,My Brain is Fried,https://suno.com/song/d1622ed4-c53c-41c3-b0e3-87135c308f1e,United States,NO,5,SSC6094,0,NO,"Dear **blahblah**, we want to inform you that your song *My Brain is Fried* has been accepted into SSC6! ğŸ‰
Your personal voting code is **SSC6094**, __please keep it in a safe place as you will need it while voting on each week songs__.",,
95,lilibunni,Lili(LTA),LiliTheAdventurer,We Are The Future,https://suno.com/song/c3366184-e154-4404-9cab-3bc793ce2cfb,United States,YES,1,SSC6095,198,NO,"Dear **Lili(LTA)**, we want to inform you that your song *We Are The Future * has been accepted into SSC6! ğŸ‰
Your personal voting code is **SSC6095**, __please keep it in a safe place as you will need it while voting on each week songs__.",,
96,rhodawg,RhoDawg,RhoDawg,Until Love Is What It Means,https://suno.com/song/eef056eb-aaf5-4be9-8235-008845747ce9,United States,NO,2,SSC6096,449,YES,"Dear **RhoDawg**, we want to inform you that your song *Until Love Is What It Means* has been accepted into SSC6! ğŸ‰
Your personal voting code is **SSC6096**, __please keep it in a safe place as you will need it while voting on each week songs__.",,
97,hi_phoenix,iPhoenix,iPhoenix,Il Gancio Salva Vita,https://suno.com/song/6ba4d499-a50a-4609-82d9-735a129a8725,Italy,NO,3,SSC6097,0,NO,"Dear **iPhoenix**, we want to inform you that your song *Il Gancio Salva Vita* has been accepted into SSC6! ğŸ‰
Your personal voting code is **SSC6097**, __please keep it in a safe place as you will need it while voting on each week songs__.",,
98,antonaragorn7250 ,SonicSketch,SonicSketch,Walking in Reverse,https://suno.com/song/bb42edcb-64af-4457-bdbf-f29b119463a0 ,United States,YES,5,SSC6098,0,NO,"Dear **SonicSketch**, we want to inform you that your song *Walking in Reverse* has been accepted into SSC6! ğŸ‰
Your personal voting code is **SSC6098**, __please keep it in a safe place as you will need it while voting on each week songs__.",,
99,paolowiesbaden_06652,Paolowiesbaden,The Demiurge,Trick in the Lines,https://suno.com/song/88433d18-fde5-42b3-80ba-8f8f1d2b88d8,Germany,NO,1,SSC6099,132,NO,"Dear **Paolowiesbaden**, we want to inform you that your song *Trick in the Lines* has been accepted into SSC6! ğŸ‰
Your personal voting code is **SSC6099**, __please keep it in a safe place as you will need it while voting on each week songs__.",,
100,vladdion,â™® Vibe,â™® Vibe,Pulse of the Steppe,https://suno.com/song/d1792eb8-c56a-4fcd-8aa7-3d40f37194e7,Kyrgyzstan,YES,2,SSC6100,273,NO,"Dear **â™® Vibe**, we want to inform you that your song *Pulse of the Steppe* has been accepted into SSC6! ğŸ‰
Your personal voting code is **SSC6100**, __please keep it in a safe place as you will need it while voting on each week songs__.",,
101,black7spades,black7spades,Violet Empress,These Stars Are Our Stars,https://suno.com/song/7b7eb4e3-5b1a-45ed-9e2a-ea4764b119e0,Australia,NO,3,SSC6101,0,NO,"Dear **black7spades**, we want to inform you that your song *These Stars Are Our Stars* has been accepted into SSC6! ğŸ‰
Your personal voting code is **SSC6101**, __please keep it in a safe place as you will need it while voting on each week songs__.",,
102,artissemita,Artis Semita,artissemita,"Rock Star [SSC6, USA]",https://suno.com/song/685969d5-2d8a-4adf-9aa7-61f1540a7ca1,United States,NO,4,SSC6102,0,NO,"Dear **Artis Semita**, we want to inform you that your song *Rock Star [SSC6, USA]* has been accepted into SSC6! ğŸ‰
Your personal voting code is **SSC6102**, __please keep it in a safe place as you will need it while voting on each week songs__.",,
103,Splashbang,Entity Unknown,Entity Unknown,Forever,https://suno.com/song/fde41182-7e8d-4030-8a04-3e096eeab7ca,Norway,NO,1,SSC6103,257,NO,"Dear **Entity Unknown**, we want to inform you that your song *Forever* has been accepted into SSC6! ğŸ‰
Your personal voting code is **SSC6103**, __please keep it in a safe place as you will need it while voting on each week songs__.",,
104,sarahoshinovt,Sara Hoshino,Sara,Shadow's Wrath (Morviana Theme),https://suno.com/song/67eecf1e-b0f4-494a-9120-1e74ae4afb0e,United States,YES,2,SSC6104,67,NO,"Dear **Sara Hoshino**, we want to inform you that your song *Shadow's Wrath (Morviana Theme)* has been accepted into SSC6! ğŸ‰
Your personal voting code is **SSC6104**, __please keep it in a safe place as you will need it while voting on each week songs__.",,
105,@stellarskies,candy911cane_84642,stellar skies,Your Danny Boy,https://suno.com/song/5998f4c3-675e-4afb-a3fc-81d70a0117d5,United States,YES,3,SSC6105,0,NO,"Dear **candy911cane_84642**, we want to inform you that your song *Your Danny Boy* has been accepted into SSC6! ğŸ‰
Your personal voting code is **SSC6105**, __please keep it in a safe place as you will need it while voting on each week songs__.",,
106,guardian.og,Guardian,Jonathan Kennedy,STALKER,https://suno.com/song/30e05de1-ca58-404c-b81d-cc2faf1da28b,United States,YES,4,SSC6106,0,NO,"Dear **Guardian**, we want to inform you that your song *STALKER* has been accepted into SSC6! ğŸ‰
Your personal voting code is **SSC6106**, __please keep it in a safe place as you will need it while voting on each week songs__.",,
107,mohammedmehditber_official,Mohammed Mehdi TBER â˜ªğŸ‡µğŸ‡¸ğŸ‡²ğŸ‡¦,mohammedmehditber,String Storm,https://suno.com/song/d91f49be-008f-456c-ac1f-1ec152483ead,Morocco,YES,5,SSC6107,0,NO,"Dear **Mohammed Mehdi TBER â˜ªğŸ‡µğŸ‡¸ğŸ‡²ğŸ‡¦**, we want to inform you that your song *String Storm* has been accepted into SSC6! ğŸ‰
Your personal voting code is **SSC6107**, __please keep it in a safe place as you will need it while voting on each week songs__.",,
108,to4kawa,to4kawa,to4kawa,Void,https://suno.com/song/965e4f64-354e-4390-86f9-5241cabe2ac6,Japan,YES,2,SSC6108,146,NO,"Dear **to4kawa **, we want to inform you that your song *Void* has been accepted into SSC6! ğŸ‰
Your personal voting code is **SSC6108**, __please keep it in a safe place as you will need it while voting on each week songs__.",,
109,mr.odin,Mr.Odin,Mr.Odin,Black Hole Heart,https://suno.com/song/a8f5b605-4075-4c35-a45d-29565b0ac1bf,Latvia,YES,3,SSC6109,0,NO,"Dear **Mr.Odin**, we want to inform you that your song *Black Hole Heart* has been accepted into SSC6! ğŸ‰
Your personal voting code is **SSC6109**, __please keep it in a safe place as you will need it while voting on each week songs__.",,
110,threnody_,idiotik artwerks,idiotik artwerks,Cold Shadows,https://suno.com/song/f6389efe-1e44-4222-b7b3-959518837b8f,United States,YES,4,SSC6110,0,NO,"Dear **idiotik artwerks**, we want to inform you that your song *Cold Shadows* has been accepted into SSC6! ğŸ‰
Your personal voting code is **SSC6110**, __please keep it in a safe place as you will need it while voting on each week songs__.",,
111,thundrax_17881,Thundrax // Rock'nRolla,Rock'nRolla,The Beast Inside - Metal,https://suno.com/song/f986a277-2edb-418c-825e-c011c2fb7fb3,Germany,NO,5,SSC6111,0,NO,"Dear **Thundrax // Rock'nRolla**, we want to inform you that your song *The Beast Inside - Metal* has been accepted into SSC6! ğŸ‰
Your personal voting code is **SSC6111**, __please keep it in a safe place as you will need it while voting on each week songs__.",,
112,cheggsworth,cheggsworth,Slob Ross,Pull the Trigger,https://suno.com/song/b248d1ac-f1ab-40f1-89fd-a0cb4bea770b,United Kingdom,NO,1,SSC6112,183,NO,"Dear **cheggsworth**, we want to inform you that your song *Pull the Trigger* has been accepted into SSC6! ğŸ‰
Your personal voting code is **SSC6112**, __please keep it in a safe place as you will need it while voting on each week songs__.",,
113,Grim,grimclinicallyinsane,Jaden Writes,Neva Go To Heaven,https://suno.com/song/709229f0-58df-4780-9193-cf2cf5022d3a,United States,NO,3,SSC6113,0,NO,"Dear **grimclinicallyinsane**, we want to inform you that your song *Neva Go To Heaven* has been accepted into SSC6! ğŸ‰
Your personal voting code is **SSC6113**, __please keep it in a safe place as you will need it while voting on each week songs__.",,
114,SuperBadDad27,superbaddad27,SuperBadDad,Fading Traces,https://suno.com/song/6a0da9ca-469e-40f2-bbef-7bd9d25a0f7b,United States,YES,4,SSC6114,0,NO,"Dear **superbaddad27**, we want to inform you that your song *Fading Traces* has been accepted into SSC6! ğŸ‰
Your personal voting code is **SSC6114**, __please keep it in a safe place as you will need it while voting on each week songs__.",,
115,The_rabbit_in_the_hat,Ai Magician,Ai magician,99 problems,https://suno.com/song/33f40563-388e-49ff-89ea-a7594d8265ba,United States,NO,5,SSC6115,0,NO,"Dear **Ai Magician**, we want to inform you that your song *99 problems* has been accepted into SSC6! ğŸ‰
Your personal voting code is **SSC6115**, __please keep it in a safe place as you will need it while voting on each week songs__.",,
116,itznish,Musicmattersyay,MusicMattersYay,MEMORIES,https://suno.com/song/df1fa2e5-9bd4-466d-9c10-88ea4c476319,India,NO,1,SSC6116,161,NO,"Dear **Musicmattersyay**, we want to inform you that your song *MEMORIES* has been accepted into SSC6! ğŸ‰
Your personal voting code is **SSC6116**, __please keep it in a safe place as you will need it while voting on each week songs__.",,
117,xilvxevee,Moon Ry,Moon Ry,Evolution,https://suno.com/song/1cef2e46-136a-44c2-a768-09384b0146b8,Indonesia,NO,2,SSC6117,135,NO,"Dear **Moon Ry**, we want to inform you that your song *Evolution* has been accepted into SSC6! ğŸ‰
Your personal voting code is **SSC6117**, __please keep it in a safe place as you will need it while voting on each week songs__.",,
118,incognitobaboon,joeyy,joeyy,come my way,https://suno.com/song/bbbb83f8-3080-4c8c-86cb-72a572c9c9c2,United States,NO,4,SSC6118,0,NO,"Dear **joeyy**, we want to inform you that your song *come my way* has been accepted into SSC6! ğŸ‰
Your personal voting code is **SSC6118**, __please keep it in a safe place as you will need it while voting on each week songs__.",,
119,veratul,Veratul,Meltonian Physics,Hot and Sour,https://suno.com/song/a518d718-8326-4fe9-9fcf-d09caf2584b1,United States,NO,5,SSC6119,0,NO,"Dear **Veratul**, we want to inform you that your song *Hot and Sour* has been accepted into SSC6! ğŸ‰
Your personal voting code is **SSC6119**, __please keep it in a safe place as you will need it while voting on each week songs__.",,
120,PhoneixStar2244,PhoneixStar2244,RogueStar24,Boss Mode,https://suno.com/song/828d1f74-0978-4c32-9e29-6f41202cce21,United States,NO,1,SSC6120,120,NO,"Dear **PhoneixStar2244**, we want to inform you that your song *Boss Mode* has been accepted into SSC6! ğŸ‰
Your personal voting code is **SSC6120**, __please keep it in a safe place as you will need it while voting on each week songs__.",,
121,dzonym,DzonyM,DzonyM,íŒŒë©¸ì˜ ì„œê³¡ Pamyeol-ui Seogok (Overture of Destruction),https://suno.com/song/f06f7dc3-9e98-455e-b1af-bef2356a5497,Czechia,NO,2,SSC6121,244,NO,"Dear **DzonyM**, we want to inform you that your song *íŒŒë©¸ì˜ ì„œê³¡ Pamyeol-ui Seogok (Overture of Destruction)* has been accepted into SSC6! ğŸ‰
Your personal voting code is **SSC6121**, __please keep it in a safe place as you will need it while voting on each week songs__.",,
122,taboovector,taboovector,Taboovector_music,Love in the dark Sunshine,https://suno.com/song/c203fd97-f632-478e-9567-1ff08373a255,Norway,NO,3,SSC6122,0,NO,"Dear **taboovector**, we want to inform you that your song *Love in the dark Sunshine* has been accepted into SSC6! ğŸ‰
Your personal voting code is **SSC6122**, __please keep it in a safe place as you will need it while voting on each week songs__.",,
123,TheAbiffSolaris,XBMforce,TheAbbifSolaris,Everything flows,https://suno.com/song/137c1a32-7adb-48d1-abb0-1b2788f19fb7,Mexico,YES,5,SSC6123,0,NO,"Dear **XBMforce**, we want to inform you that your song *Everything flows* has been accepted into SSC6! ğŸ‰
Your personal voting code is **SSC6123**, __please keep it in a safe place as you will need it while voting on each week songs__.",,
124,FunTime45,PuffinsAreCoolToo,PuffinsAreCoolToo,Influencer,https://suno.com/song/13e0383f-c998-4a34-b21d-559675930820,United States,NO,1,SSC6124,154,NO,"Dear **PuffinsAreCoolToo**, we want to inform you that your song *Influencer* has been accepted into SSC6! ğŸ‰
Your personal voting code is **SSC6124**, __please keep it in a safe place as you will need it while voting on each week songs__.",,
125,rdmagico,Magico,Magic Beat,Ghosts on the dancefloor,https://suno.com/song/afef009f-7a28-49c9-a2b1-d5664afbaf0c,United Kingdom,NO,2,SSC6125,72,NO,"Dear **Magico**, we want to inform you that your song *Ghosts on the dancefloor* has been accepted into SSC6! ğŸ‰
Your personal voting code is **SSC6125**, __please keep it in a safe place as you will need it while voting on each week songs__.",,
126,joelpg.,JPichardo,JPichardo,Different Destinations,https://suno.com/song/b1d65f7c-86a9-4f07-80a9-dc3de57b7664,Dominican Republic,YES,3,SSC6126,0,NO,"Dear **JPichardo**, we want to inform you that your song *Different Destinations* has been accepted into SSC6! ğŸ‰
Your personal voting code is **SSC6126**, __please keep it in a safe place as you will need it while voting on each week songs__.",,
127,Niinilepaniini,niinilepaniini,Not nyxâ™ª,Coffe,https://suno.com/song/b95eaf13-79f6-44be-8ac3-101d67c19413,France,NO,4,SSC6127,0,NO,"Dear **niinilepaniini**, we want to inform you that your song *Coffe* has been accepted into SSC6! ğŸ‰
Your personal voting code is **SSC6127**, __please keep it in a safe place as you will need it while voting on each week songs__.",,
128,Valkenhein,Val,Aurix,Rock n' Soul,https://suno.com/song/203dc5da-5243-4b47-98ea-46e8eb88a6fb,United States,NO,1,SSC6128,182,NO,"Dear **Val**, we want to inform you that your song *Rock n' Soul* has been accepted into SSC6! ğŸ‰
Your personal voting code is **SSC6128**, __please keep it in a safe place as you will need it while voting on each week songs__.",,
129,frowns_78143,frowns :(,frowns,Lonely Boy,https://suno.com/song/27afefbd-1e86-4a57-9752-c53dae5de817,United States,NO,2,SSC6129,162,NO,"Dear **frowns :(**, we want to inform you that your song *Lonely Boy* has been accepted into SSC6! ğŸ‰
Your personal voting code is **SSC6129**, __please keep it in a safe place as you will need it while voting on each week songs__.",,
130,noxxdegurechaff,NÃ¸xx,NÃ¸xx,Peace,https://suno.com/song/7bfb1b17-af58-495e-9912-60348b53615b,United States,NO,3,SSC6130,0,NO,"Dear **NÃ¸xx**, we want to inform you that your song *Peace* has been accepted into SSC6! ğŸ‰
Your personal voting code is **SSC6130**, __please keep it in a safe place as you will need it while voting on each week songs__.",,
131,_xxsong,21xxsong,21xxsong,ê°€ì Gaja,https://suno.com/song/59897a50-dbbf-4d76-8610-027e41a29414,France,NO,4,SSC6131,0,NO,"Dear **21xxsong**, we want to inform you that your song *ê°€ì Gaja* has been accepted into SSC6! ğŸ‰
Your personal voting code is **SSC6131**, __please keep it in a safe place as you will need it while voting on each week songs__.",,
132,Jp161,Jp161,tos_jp,Beyond Light and Reason,https://suno.com/song/82884291-520d-432a-9761-befb231da12b,Finland,NO,5,SSC6132,0,NO,"Dear **Jp161**, we want to inform you that your song *Beyond Light and Reason* has been accepted into SSC6! ğŸ‰
Your personal voting code is **SSC6132**, __please keep it in a safe place as you will need it while voting on each week songs__.",,
133,cts1351,caits,caits,ëë‚˜ì§€ ì•Šì€ ì´ì•¼ê¸°,https://suno.com/song/560e091b-322e-4cdd-a23b-b40682367360,South Korea,YES,2,SSC6133,133,NO,"Dear **caits**, we want to inform you that your song *ëë‚˜ì§€ ì•Šì€ ì´ì•¼ê¸°* has been accepted into SSC6! ğŸ‰
Your personal voting code is **SSC6133**, __please keep it in a safe place as you will need it while voting on each week songs__.",,
134,eardrum,Eardrum,eardrum,You're Out There,https://suno.com/song/5114364c-700e-47f9-9bc2-da9f4850e620,Netherlands,YES,3,SSC6134,0,NO,"Dear **Eardrum**, we want to inform you that your song *You're Out There* has been accepted into SSC6! ğŸ‰
Your personal voting code is **SSC6134**, __please keep it in a safe place as you will need it while voting on each week songs__.",,
135,maixmairtin,suno.com/@mAIrtin,@mairtin,Life Happens,https://suno.com/song/60f8ad48-af25-42db-a4ee-9c1b1e144e6b,Spain,NO,4,SSC6135,0,NO,"Dear **suno.com/@mAIrtin**, we want to inform you that your song *Life Happens* has been accepted into SSC6! ğŸ‰
Your personal voting code is **SSC6135**, __please keep it in a safe place as you will need it while voting on each week songs__.",,
136,WorpeX,WorpeX,WorpeX,SOLID GOLD,https://suno.com/song/d65c0761-809d-4966-9f2e-5759ff11455b,United States,NO,5,SSC6136,0,NO,"Dear **WorpeX**, we want to inform you that your song *SOLID GOLD* has been accepted into SSC6! ğŸ‰
Your personal voting code is **SSC6136**, __please keep it in a safe place as you will need it while voting on each week songs__.",,
137,xincmotion,XincMotion,XincMotion,Willing to Stay,https://suno.com/song/72572065-d512-4225-81bc-a1d173e94f8f,Canada,YES,1,SSC6137,121,NO,"Dear **XincMotion**, we want to inform you that your song *Willing to Stay* has been accepted into SSC6! ğŸ‰
Your personal voting code is **SSC6137**, __please keep it in a safe place as you will need it while voting on each week songs__.",,
138,gropoto,ZeekBazar,ZeekBazar,Summer in LA,https://suno.com/song/5482e8ff-c25a-4c6b-a687-c120a171ea20,France,NO,3,SSC6138,0,NO,"Dear **ZeekBazar**, we want to inform you that your song *Summer in LA* has been accepted into SSC6! ğŸ‰
Your personal voting code is **SSC6138**, __please keep it in a safe place as you will need it while voting on each week songs__.",,
139,dewsburry,Panz,Panz,Himinn Heaven v2,https://suno.com/song/adead622-6d5c-4104-88df-f8747ce6c2cb,Vietnam,NO,4,SSC6139,0,NO,"Dear **Panz**, we want to inform you that your song *Himinn (Heaven) v2 * has been accepted into SSC6! ğŸ‰
Your personal voting code is **SSC6139**, __please keep it in a safe place as you will need it while voting on each week songs__.",,
140,Stan C.,hitmaster._76834,Stan C,Why Are There Wars?,https://suno.com/song/9fe79bc8-7590-4c11-9104-bc696a90e9d1,Germany,YES,5,SSC6140,0,NO,"Dear **hitmaster._76834**, we want to inform you that your song *Why Are There Wars?* has been accepted into SSC6! ğŸ‰
Your personal voting code is **SSC6140**, __please keep it in a safe place as you will need it while voting on each week songs__.",,
141,deltaz2260,Deltaz,Deltaz Studio,Rollercoaster,https://suno.com/song/d8b46f8b-cfd8-4ff2-9531-96cb6f586ae2,Denmark,NO,1,SSC6141,359,YES,"Dear **Deltaz**, we want to inform you that your song *Rollercoaster* has been accepted into SSC6! ğŸ‰
Your personal voting code is **SSC6141**, __please keep it in a safe place as you will need it while voting on each week songs__.",,
142,Dray_,dray_,Dray,Lost In Sound,https://suno.com/song/1b1b9f3d-d523-4546-b2a8-5c96ca2803b0,Germany,NO,2,SSC6142,273,NO,"Dear **dray_**, we want to inform you that your song *Lost In Sound* has been accepted into SSC6! ğŸ‰
Your personal voting code is **SSC6142**, __please keep it in a safe place as you will need it while voting on each week songs__.",,
143,Sfoderus,sfoderus,Sfoderus,Sogno di Novembre,https://suno.com/song/1aa3af55-8288-40aa-99f8-9adbb84ba212,Italy,YES,4,SSC6143,0,NO,"Dear **sfoderus**, we want to inform you that your song *Sogno di Novembre* has been accepted into SSC6! ğŸ‰
Your personal voting code is **SSC6143**, __please keep it in a safe place as you will need it while voting on each week songs__.",,
144,Satan,Satan1812,King Banana,Siren Song,https://suno.com/song/7b249018-4524-46d0-8ada-6de19a858f6d,United States,YES,5,SSC6144,0,NO,"Dear **Satan1812**, we want to inform you that your song *Siren Song* has been accepted into SSC6! ğŸ‰
Your personal voting code is **SSC6144**, __please keep it in a safe place as you will need it while voting on each week songs__.",,
145,nadadorcompulsivo_51130,Nadador Compulsivo,Nadador Compulsivo,Out of Control,https://suno.com/song/f324a40d-5239-4767-881c-42c120d2fbe8,Spain,NO,1,SSC6145,165,NO,"Dear **Nadador Compulsivo**, we want to inform you that your song *Out of Control* has been accepted into SSC6! ğŸ‰
Your personal voting code is **SSC6145**, __please keep it in a safe place as you will need it while voting on each week songs__.",,
146,essensoul,Essensoul,Essensoul AI,Follow Me,https://suno.com/song/c0fb6561-83de-4790-88dc-3a05f378fa70,Ukraine,NO,2,SSC6146,196,NO,"Dear **Essensoul**, we want to inform you that your song *Follow Me* has been accepted into SSC6! ğŸ‰
Your personal voting code is **SSC6146**, __please keep it in a safe place as you will need it while voting on each week songs__.",,
147,aurasvseillya_7777,AurasVseillya,AurasVseillya,Lost in the Tide,https://suno.com/song/6b7f1642-de72-4260-94c9-7aee4f222779,United States,NO,3,SSC6147,0,NO,"Dear **AurasVseillya**, we want to inform you that your song *Lost in the Tide* has been accepted into SSC6! ğŸ‰
Your personal voting code is **SSC6147**, __please keep it in a safe place as you will need it while voting on each week songs__.",,
148,agc2023,Mirox,@mirox,Make It Through,https://suno.com/song/55a37d23-eee9-47b1-916d-deab2ba71fce,United States,NO,5,SSC6148,0,NO,"Dear **Mirox**, we want to inform you that your song *Make It Through* has been accepted into SSC6! ğŸ‰
Your personal voting code is **SSC6148**, __please keep it in a safe place as you will need it while voting on each week songs__.",,
149,jodrgg,JodRgg,MelancholicCellist183,Actor,https://suno.com/song/49cd97be-c987-4290-b799-ea113b05eb69,Poland,NO,1,SSC6149,67,NO,"Dear **JodRgg**, we want to inform you that your song *Actor* has been accepted into SSC6! ğŸ‰
Your personal voting code is **SSC6149**, __please keep it in a safe place as you will need it while voting on each week songs__.",,
150,darosss,darosss,renka udrenka,Mroczny szept,https://suno.com/song/9ae48bd2-ac39-4a3c-b9b9-a6a4957d2ead,Poland,NO,2,SSC6150,163,NO,"Dear **darosss**, we want to inform you that your song *Mroczny szept* has been accepted into SSC6! ğŸ‰
Your personal voting code is **SSC6150**, __please keep it in a safe place as you will need it while voting on each week songs__.",,
152,dandom80_65748,DanDom80,DanDom80,Old November and Rusty Dog,https://suno.com/song/d3402b88-2c62-496e-b7fd-fc9ffb3d5385,Italy,YES,3,SSC6152,0,NO,"Dear **DanDom80**, we want to inform you that your song *Old November and Rusty Dog* has been accepted into SSC6! ğŸ‰
Your personal voting code is **SSC6152**, __please keep it in a safe place as you will need it while voting on each week songs__.",,
154,fierceharmony.,Artimus The Poet,ArtimusThePoet,"The Land of ""IF""",https://suno.com/song/e38af046-4008-4784-94bc-abfaa9487f05,United States,NO,4,SSC6154,0,NO,"Dear **Artimus The Poet**, we want to inform you that your song *The Land of ""IF""* has been accepted into SSC6! ğŸ‰
Your personal voting code is **SSC6154**, __please keep it in a safe place as you will need it while voting on each week songs__.",,
155,est0la,Est0la,@est0la,Rantakalliolla,https://suno.com/song/45dafd9f-ec4e-41cd-9e02-6fa7bbed1895,Finland,NO,1,SSC6155,46,NO,"Dear **Est0la**, we want to inform you that your song *Rantakalliolla* has been accepted into SSC6! ğŸ‰
Your personal voting code is **SSC6155**, __please keep it in a safe place as you will need it while voting on each week songs__.",,
156,qadriq,Qadriq,Qadriq,Freak,https://suno.com/song/a450ffe5-a5e1-4634-9827-0b06fec6e3be,Romania,NO,2,SSC6156,158,NO,"Dear **Qadriq**, we want to inform you that your song *Freak* has been accepted into SSC6! ğŸ‰
Your personal voting code is **SSC6156**, __please keep it in a safe place as you will need it while voting on each week songs__.",,
157,anchorstrome,Anchorstrome,Anchorstrome,Siren of the Moonlit Moor,https://suno.com/song/ac223122-8f42-495b-a85e-a0e80ac037bb,Sweden,NO,3,SSC6157,0,NO,"Dear **Anchorstrome**, we want to inform you that your song *Siren of the Moonlit Moor* has been accepted into SSC6! ğŸ‰
Your personal voting code is **SSC6157**, __please keep it in a safe place as you will need it while voting on each week songs__.",,
158,tuoto,Snappy Red Panda,Snappy Red Panda,Conception,https://suno.com/song/b88f161d-c56c-43ff-940a-ab1d4a78f4b4,Finland,YES,4,SSC6158,0,NO,"Dear **Snappy Red Panda**, we want to inform you that your song *Conception* has been accepted into SSC6! ğŸ‰
Your personal voting code is **SSC6158**, __please keep it in a safe place as you will need it while voting on each week songs__.",,
159,rodolfo443a_94962,Rodolfo443A,LivelyAudacity846,Under the storm,https://suno.com/song/a1b8dfe7-d8eb-46da-8881-52ce87053a3e,Spain,YES,5,SSC6159,0,NO,"Dear **Rodolfo443A**, we want to inform you that your song *Under the storm* has been accepted into SSC6! ğŸ‰
Your personal voting code is **SSC6159**, __please keep it in a safe place as you will need it while voting on each week songs__.",,
160,AvaIrisMusic,AvaIris,AvaIris,24.1 Ava Iris (Edit) - From the Flame,https://suno.com/song/342b5fcb-4b57-4cb9-8f39-24aea83c1e6d,Canada,NO,2,SSC6160,229,NO,"Dear **AvaIris**, we want to inform you that your song *24.1 Ava Iris (Edit) - From the Flame* has been accepted into SSC6! ğŸ‰
Your personal voting code is **SSC6160**, __please keep it in a safe place as you will need it while voting on each week songs__.",,
161,chahal707,Cha Hal,chahal707,Realms,https://suno.com/song/78283449-5895-4f45-9d26-c0ea24225466,India,NO,3,SSC6161,0,NO,"Dear **Cha Hal**, we want to inform you that your song *Realms* has been accepted into SSC6! ğŸ‰
Your personal voting code is **SSC6161**, __please keep it in a safe place as you will need it while voting on each week songs__.",,
162,danschrier_il,ArthemisEE,ArthemisEE,Call Me To Come,https://suno.com/song/e2335217-2845-4ac8-989c-4c0bf266503c,Israel,YES,4,SSC6162,0,NO,"Dear **ArthemisEE**, we want to inform you that your song *Call Me To Come* has been accepted into SSC6! ğŸ‰
Your personal voting code is **SSC6162**, __please keep it in a safe place as you will need it while voting on each week songs__.",,
163,zorbey0306,Zorbey,rawremixers708,Vices,https://suno.com/song/6f252c68-718f-461c-98d7-570555d2e550,United States,YES,5,SSC6163,0,NO,"Dear **Zorbey**, we want to inform you that your song *Vices* has been accepted into SSC6! ğŸ‰
Your personal voting code is **SSC6163**, __please keep it in a safe place as you will need it while voting on each week songs__.",,
164,rachey13x,RÎ›CHÎY,RÎ›CHÎY,Lost In The Star Fields,https://suno.com/song/c83b788e-c524-4c04-b226-c53a6ba5c348,United States,YES,1,SSC6164,189,NO,"Dear **RÎ›CHÎY**, we want to inform you that your song *Lost In The Star Fields* has been accepted into SSC6! ğŸ‰
Your personal voting code is **SSC6164**, __please keep it in a safe place as you will need it while voting on each week songs__.",,
165,godmoneybeatz_33973,Godmoneybeatz,Godmoneybeatz,Bach is Back,https://suno.com/song/d26a181a-b080-4f50-a681-753d7c8850cf,France,YES,3,SSC6165,0,NO,"Dear **Godmoneybeatz**, we want to inform you that your song *Bach is Back* has been accepted into SSC6! ğŸ‰
Your personal voting code is **SSC6165**, __please keep it in a safe place as you will need it while voting on each week songs__.",,
166,mmc_park6365,michael park,micheal park,my friends crush,https://suno.com/song/628e8ffc-f5bd-47ac-b3ce-8cb393f73dda,South Korea,NO,4,SSC6166,0,NO,"Dear **michael park**, we want to inform you that your song *my friends crush* has been accepted into SSC6! ğŸ‰
Your personal voting code is **SSC6166**, __please keep it in a safe place as you will need it while voting on each week songs__.",,
167,spacecovvboy,SpaceCovvboy,SpaceCowboy,Those Days Are Gone,https://suno.com/song/94d7f746-e82d-40b1-b850-8d7a46f16052,United States,NO,5,SSC6167,0,NO,"Dear **SpaceCovvboy**, we want to inform you that your song *Those Days Are Gone * has been accepted into SSC6! ğŸ‰
Your personal voting code is **SSC6167**, __please keep it in a safe place as you will need it while voting on each week songs__.",,
168,Hyosen,Hyosen,Hyosen,Dance Off At Dawn,https://suno.com/song/9d772775-b5f2-4402-be50-e52af4d76937,Singapore,NO,1,SSC6168,50,NO,"Dear **Hyosen**, we want to inform you that your song *Dance Off At Dawn* has been accepted into SSC6! ğŸ‰
Your personal voting code is **SSC6168**, __please keep it in a safe place as you will need it while voting on each week songs__.",,
169,Within_Silent_Death,Broken Hazel,Broken Hazel,Critical Mass,https://suno.com/song/6151d958-0c8c-4fc4-b1fd-88760189de5b,United States,NO,2,SSC6169,149,NO,"Dear **Broken Hazel**, we want to inform you that your song *Critical Mass* has been accepted into SSC6! ğŸ‰
Your personal voting code is **SSC6169**, __please keep it in a safe place as you will need it while voting on each week songs__.",,
170,gnarlybrowneye,Endless Spiral,Endless Spiral,The Blackfate Revival - River of Broken Souls,https://suno.com/song/47635699-e89c-4312-beaf-8c1ac0a8193b,United States,NO,4,SSC6170,0,NO,"Dear **Endless Spiral**, we want to inform you that your song *The Blackfate Revival - River of Broken Souls* has been accepted into SSC6! ğŸ‰
Your personal voting code is **SSC6170**, __please keep it in a safe place as you will need it while voting on each week songs__.",,
171,nein543217297,æ¡‚èŠ±å··å­Osmanthus Ln,æ¡‚èŠ±å··å­/Osmanthus Ln,The tick tock of love,https://suno.com/song/f6190882-7cb8-4328-a561-abedb44e9454,Taiwan,NO,5,SSC6171,0,NO,"Dear **æ¡‚èŠ±å··å­Osmanthus Ln**, we want to inform you that your song *The tick tock of love* has been accepted into SSC6! ğŸ‰
Your personal voting code is **SSC6171**, __please keep it in a safe place as you will need it while voting on each week songs__.",,
172,siaksafafasafasasafanofethk,SNF,SNF,SABERGRAH!,https://suno.com/song/d2443fea-971b-4031-b5da-49debd4e147d,United States,NO,1,SSC6172,228,NO,"Dear **SNF**, we want to inform you that your song *SABERGRAH!* has been accepted into SSC6! ğŸ‰
Your personal voting code is **SSC6172**, __please keep it in a safe place as you will need it while voting on each week songs__.",,
173,vinderp,Vin Mos,Vin Mos,Rennen,https://suno.com/song/c52c25f6-1402-4da8-98c5-dba83a56f898,Netherlands,NO,2,SSC6173,206,NO,"Dear **Vin Mos**, we want to inform you that your song *Rennen* has been accepted into SSC6! ğŸ‰
Your personal voting code is **SSC6173**, __please keep it in a safe place as you will need it while voting on each week songs__.",,
174,mastastudios,MÎ›STÎ›-STUDIá—S,MASTA - STUDIOS,Pogledaj Pogledaj Samo malo!,https://suno.com/song/de8db3d9-c06d-4258-85d1-582db2a6c6cc,Serbia,NO,3,SSC6174,0,NO,"Dear **MÎ›STÎ›-STUDIá—S**, we want to inform you that your song *Pogledaj Pogledaj Samo malo!* has been accepted into SSC6! ğŸ‰
Your personal voting code is **SSC6174**, __please keep it in a safe place as you will need it while voting on each week songs__.",,
175,netor29,Netor29,Musiques-paroles-famille29-Netor29,Les Murmures de BrocÃ©liande,https://suno.com/song/99bc945e-1df5-4d0e-9d18-ce86ad035aa9,France,YES,5,SSC6175,0,NO,"Dear **Netor29**, we want to inform you that your song *Les Murmures de BrocÃ©liande* has been accepted into SSC6! ğŸ‰
Your personal voting code is **SSC6175**, __please keep it in a safe place as you will need it while voting on each week songs__.",,
176,keoleh,Keoleh,KeePopp,"Human, not a robot",https://suno.com/song/a728a40b-efd5-4c38-9223-2be74e1bda7c,Switzerland,YES,1,SSC6176,52,NO,"Dear **Keoleh**, we want to inform you that your song *Human, not a robot* has been accepted into SSC6! ğŸ‰
Your personal voting code is **SSC6176**, __please keep it in a safe place as you will need it while voting on each week songs__.",,
177,.mrderpy,Mr Derpy,ShsSlayer,Solid Ground - ShsSlayer,https://suno.com/song/e788ca1f-9ae4-4f32-9569-d2da66b45c19,United States,NO,2,SSC6177,131,NO,"Dear **Mr Derpy**, we want to inform you that your song *Solid Ground - ShsSlayer* has been accepted into SSC6! ğŸ‰
Your personal voting code is **SSC6177**, __please keep it in a safe place as you will need it while voting on each week songs__.",,
178,jackrobbins_,Sognatori84,CHAse,Shadows Fall,https://suno.com/song/925a8535-25ab-41cf-933b-1de9d5cee2fe,South Korea,NO,3,SSC6178,0,NO,"Dear **Sognatori84**, we want to inform you that your song *Shadows Fall* has been accepted into SSC6! ğŸ‰
Your personal voting code is **SSC6178**, __please keep it in a safe place as you will need it while voting on each week songs__.",,
179,omdvi,omidvi,omidvi,Inspirit,https://suno.com/song/2fe89a7a-f862-4283-af20-fc6eed3248f8,Latvia,NO,4,SSC6179,0,NO,"Dear **omidvi**, we want to inform you that your song *Inspirit* has been accepted into SSC6! ğŸ‰
Your personal voting code is **SSC6179**, __please keep it in a safe place as you will need it while voting on each week songs__.",,
180,Traker,Thomas_9113,Traker,DerriÃ¨re Chaque LÃ©gende,https://suno.com/song/e85eee08-c035-45e0-a150-76852ef727d6,France,NO,1,SSC6180,109,NO,"Dear **Thomas_9113**, we want to inform you that your song *DerriÃ¨re Chaque LÃ©gende* has been accepted into SSC6! ğŸ‰
Your personal voting code is **SSC6180**, __please keep it in a safe place as you will need it while voting on each week songs__.",,
181,allly_cat,Anna Lee (YT: @annaleemusicx),Anna Lee,Scientist and the Specimen,https://suno.com/song/a5aa6976-35db-4715-8f99-413182614d7c,Australia,NO,2,SSC6181,126,NO,"Dear **Anna Lee (YT: @annaleemusicx)**, we want to inform you that your song *Scientist and the Specimen* has been accepted into SSC6! ğŸ‰
Your personal voting code is **SSC6181**, __please keep it in a safe place as you will need it while voting on each week songs__.",,
182,roggert,Roggert,Roggert,Where Wrongs Feel So Right,https://suno.com/song/958d579d-d43b-4c27-a23e-9365267ea46c,Sweden,NO,3,SSC6182,0,NO,"Dear **Roggert**, we want to inform you that your song *Where Wrongs Feel So Right* has been accepted into SSC6! ğŸ‰
Your personal voting code is **SSC6182**, __please keep it in a safe place as you will need it while voting on each week songs__.",,
183,Nikki Gerando,nikkigerando,Nikki Gerando,ì†Œì›ì˜ ë¹› (Wishful Light),https://suno.com/song/066d0e87-727a-4cf7-ab98-45aef525a416,Singapore,NO,4,SSC6183,0,NO,"Dear **nikkigerando**, we want to inform you that your song *ì†Œì›ì˜ ë¹› (Wishful Light)* has been accepted into SSC6! ğŸ‰
Your personal voting code is **SSC6183**, __please keep it in a safe place as you will need it while voting on each week songs__.",,
184,zpti,Opti,Opti,lollipop,https://suno.com/song/60f40cb1-9319-48dd-9ae9-987ab75d3dbc,Netherlands,YES,5,SSC6184,0,NO,"Dear **Opti**, we want to inform you that your song *lollipop* has been accepted into SSC6! ğŸ‰
Your personal voting code is **SSC6184**, __please keep it in a safe place as you will need it while voting on each week songs__.",,
185,juaninisunomusic_4723,sunojuanini,sunojuanini,Breaking Through,https://suno.com/song/46d39c98-7165-4517-9ee3-9ede62d5e126,San Marino,NO,2,SSC6185,167,NO,"Dear **sunojuanini**, we want to inform you that your song *Breaking Through* has been accepted into SSC6! ğŸ‰
Your personal voting code is **SSC6185**, __please keep it in a safe place as you will need it while voting on each week songs__.",,
186,iolita_18773,iolita,iolita,Pleasantly disturbed,https://suno.com/song/dce2fd02-0ada-4540-a994-c7a4c855e0d3,Netherlands,NO,3,SSC6186,0,NO,"Dear **iolita**, we want to inform you that your song *Pleasantly disturbed* has been accepted into SSC6! ğŸ‰
Your personal voting code is **SSC6186**, __please keep it in a safe place as you will need it while voting on each week songs__.",,
187,Mitch2786 suno.com/@mitchnavarro,Mitch2786,@mitchnavarro,The Sunken Place,https://suno.com/song/ffd134c8-ac87-40d0-ae5c-07297ee7ee72,United States,NO,4,SSC6187,0,NO,"Dear **Mitch2786**, we want to inform you that your song *The Sunken Place* has been accepted into SSC6! ğŸ‰
Your personal voting code is **SSC6187**, __please keep it in a safe place as you will need it while voting on each week songs__.",,
188,theovercomer8,theovercomer8,theovercomer8,I Won the Game,https://suno.com/song/b2c23698-064a-4125-83b4-4b748bbd7b35,United States,NO,5,SSC6188,0,NO,"Dear **theovercomer8**, we want to inform you that your song *I Won the Game* has been accepted into SSC6! ğŸ‰
Your personal voting code is **SSC6188**, __please keep it in a safe place as you will need it while voting on each week songs__.",,
189,emcneill,E McNeill,emcneill,I Put The Bomp,https://suno.com/song/9f7cc9e8-3dcf-44d3-bea5-87642c5419f5,United States,NO,1,SSC6189,260,NO,"Dear **E McNeill**, we want to inform you that your song *I Put The Bomp* has been accepted into SSC6! ğŸ‰
Your personal voting code is **SSC6189**, __please keep it in a safe place as you will need it while voting on each week songs__.",,
190,aeroplvne,aeroplvne,aeroplvne,a man needs a man,https://suno.com/song/7f817104-bfe4-4fac-9cd1-bf19bfd87f15,France,YES,3,SSC6190,0,NO,"Dear **aeroplvne**, we want to inform you that your song *a man needs a man* has been accepted into SSC6! ğŸ‰
Your personal voting code is **SSC6190**, __please keep it in a safe place as you will need it while voting on each week songs__.",,
191,encino.man,suno.com/@spocks,@spocks,FIGHT,https://suno.com/song/3528cbdc-d4f2-421c-a371-7824f1d850e8,United States,NO,4,SSC6191,0,NO,"Dear **suno.com/@spocks**, we want to inform you that your song *FIGHT* has been accepted into SSC6! ğŸ‰
Your personal voting code is **SSC6191**, __please keep it in a safe place as you will need it while voting on each week songs__.",,
192,Mr.Oscar,(Suno:)Mr.Finnish,Mr.Finnish, Glorious And Prestigious,https://suno.com/song/0d03cf9b-4435-4f69-9a7a-7a7c7fd9dd9a,Finland,NO,5,SSC6192,0,NO,"Dear **(Suno:)Mr.Finnish**, we want to inform you that your song * Glorious And Prestigious* has been accepted into SSC6! ğŸ‰
Your personal voting code is **SSC6192**, __please keep it in a safe place as you will need it while voting on each week songs__.",,
193,infectiousllc,INFECTIOUS,INFECTIOUS,The Infinite,https://suno.com/song/9c942019-0271-4838-baca-c861b9b107af,United States,NO,1,SSC6193,205,NO,"Dear **INFECTIOUS**, we want to inform you that your song *The Infinite* has been accepted into SSC6! ğŸ‰
Your personal voting code is **SSC6193**, __please keep it in a safe place as you will need it while voting on each week songs__.",,
194,creator_sem_ai,Vic,Sem-AI,I know you hear me,https://suno.com/song/c13299d1-7feb-4904-8d9d-b19f843b738e,Thailand,NO,2,SSC6194,97,NO,"Dear **Vic**, we want to inform you that your song *I know you hear me* has been accepted into SSC6! ğŸ‰
Your personal voting code is **SSC6194**, __please keep it in a safe place as you will need it while voting on each week songs__.",,
195,mone3927,Mone,AurorAI,Ice Kingdom,https://suno.com/song/71428d73-c946-4680-983b-36da288ad1c3,Germany,NO,4,SSC6195,0,NO,"Dear **Mone**, we want to inform you that your song *Ice Kingdom* has been accepted into SSC6! ğŸ‰
Your personal voting code is **SSC6195**, __please keep it in a safe place as you will need it while voting on each week songs__.",,
196,decode789,Decode789,Decode789,Unbroken,https://suno.com/song/1732834d-41b1-490f-b6e0-3fd152e35b62,India,NO,5,SSC6196,0,NO,"Dear **Decode789**, we want to inform you that your song *Unbroken* has been accepted into SSC6! ğŸ‰
Your personal voting code is **SSC6196**, __please keep it in a safe place as you will need it while voting on each week songs__.",,
197,cinnamonsandman,Flow,Flowlow,Loop,https://suno.com/song/739afefd-637a-4dca-a30a-359f9f62d583,Germany,YES,1,SSC6197,246,NO,"Dear **Flow**, we want to inform you that your song *Loop* has been accepted into SSC6! ğŸ‰
Your personal voting code is **SSC6197**, __please keep it in a safe place as you will need it while voting on each week songs__.",,
198,mrdave68,MrDave,MrDave,Whispers in the Hollow,https://suno.com/song/2bb0e03f-5de7-4604-a86d-07f0a0b1dc15,Italy,NO,2,SSC6198,118,NO,"Dear **MrDave**, we want to inform you that your song *Whispers in the Hollow* has been accepted into SSC6! ğŸ‰
Your personal voting code is **SSC6198**, __please keep it in a safe place as you will need it while voting on each week songs__.",,
199,jlikesmtns,jlikesmtns,alpine_cadence,Stray,https://suno.com/song/db42424b-1628-49e5-9120-bfd35e565556,United States,NO,3,SSC6199,0,NO,"Dear **jlikesmtns**, we want to inform you that your song *Stray* has been accepted into SSC6! ğŸ‰
Your personal voting code is **SSC6199**, __please keep it in a safe place as you will need it while voting on each week songs__.",,
201,thibeauvanuden,ThibeauVU!,DoggedHit665,Traces in the Ashes,https://suno.com/song/4267f455-15d8-47b0-868c-21735f3e7007,Belgium,NO,5,SSC6201,0,NO,"Dear **ThibeauVU!**, we want to inform you that your song *Traces in the Ashes* has been accepted into SSC6! ğŸ‰
Your personal voting code is **SSC6201**, __please keep it in a safe place as you will need it while voting on each week songs__.",,
202,leordex_34212,Leordex,Leordex,Violent Will,https://suno.com/song/32e986d3-0715-4ea3-88c0-9c2e691a59b9,Russia,NO,1,SSC6202,162,NO,"Dear **Leordex**, we want to inform you that your song *Violent Will* has been accepted into SSC6! ğŸ‰
Your personal voting code is **SSC6202**, __please keep it in a safe place as you will need it while voting on each week songs__.",,
203,goetzenzar,goetzenzar,werther.whispair,Grottenschlechtes Gedicht,https://suno.com/song/844e18db-e00b-4f8d-9d65-20bac9e35b91,Germany,NO,2,SSC6203,125,NO,"Dear **goetzenzar**, we want to inform you that your song *Grottenschlechtes Gedicht* has been accepted into SSC6! ğŸ‰
Your personal voting code is **SSC6203**, __please keep it in a safe place as you will need it while voting on each week songs__.",,
204,sewrasna,Rasna,sewrasna,Vertigo,https://suno.com/song/b97fe8a2-5344-45b1-b6ab-ca37a3ba2ab4,Turkey,YES,3,SSC6204,0,NO,"Dear **Rasna**, we want to inform you that your song *Vertigo* has been accepted into SSC6! ğŸ‰
Your personal voting code is **SSC6204**, __please keep it in a safe place as you will need it while voting on each week songs__.",,
205,murmullo_56770,Murmullo,Murmullos de Cucarachas,Los gigantes me dicen...,https://suno.com/song/97702ced-db5c-48e5-8b07-78251242fe18,Spain,NO,4,SSC6205,0,NO,"Dear **Murmullo**, we want to inform you that your song *Los gigantes me dicen...* has been accepted into SSC6! ğŸ‰
Your personal voting code is **SSC6205**, __please keep it in a safe place as you will need it while voting on each week songs__.",,
